file,sha256,expected_sha256,status
zero_cost_baseline_protocol.json,6e7281063ab948bf69c4154f908341c385462191046ba1a18ab271655cae539a,6e7281063ab948bf69c4154f908341c385462191046ba1a18ab271655cae539a,MATCH
zero_cost_baseline_summary.txt,39164efb19bceca194f475bbed7ceaff2e12627985afee12a096756566035913,39164efb19bceca194f475bbed7ceaff2e12627985afee12a096756566035913,MATCH
zero_cost_baseline_results.csv,c663d5d1b3a2f4d56068e1dd68806ee22ebaf6e606fb287ebe1b892036c9e046,c663d5d1b3a2f4d56068e1dd68806ee22ebaf6e606fb287ebe1b892036c9e046,MATCH
data_quality_report.csv,c4be096545aef4a3005c9cf91f28061142e055ca8e79d2af888217168afda55f,,NO_PRIOR_HASH_AVAILABLE
review_context.csv,e62f09e702a954791499e079d7f2164ee65463875d3fa59a28d22b3e7eda2484,,NO_PRIOR_HASH_AVAILABLE
jev_full_run_summary.txt,778daa5ed6df7ea04f77df836ef394be89a10bc30089b11c683bb853315a463c,778daa5ed6df7ea04f77df836ef394be89a10bc30089b11c683bb853315a463c,MATCH
jev_full_protocol.json,4565c8f92835e15285fdc87ee7132a956012cbfb5b5aece3ea32edceba5b909d,4565c8f92835e15285fdc87ee7132a956012cbfb5b5aece3ea32edceba5b909d,MATCH
jev_full_results.csv,b940a9a8fa9704bf1ea57ac80f1eb02d67d2d9f1c6cdbfc199a650162912ed68,b940a9a8fa9704bf1ea57ac80f1eb02d67d2d9f1c6cdbfc199a650162912ed68,MATCH
jev_benchmark_master_usable.csv,9a0d330e46ccbf6ed71f5932544703495f89f5354ad489bf6ee6f9755f239358,,NO_PRIOR_HASH_AVAILABLE
