dataset_id,model,n,positive_n,AUROC,AUPRC_AP,TP,FN,TN,FP,sensitivity,specificity,precision,F1,MCC,accuracy
Bos_2018,Jev,4878,10,0.9460866885784717,0.43756492200428,8.0,2.0,4856.0,12.0,0.8,0.9975349219391948,0.4,0.5333333333333333,0.5645224796102049,0.997129971299713
Chou_2003,Jev,1907,15,0.9943798449612403,0.685870223687561,12.0,3.0,1885.0,7.0,0.8,0.9963002114164905,0.631578947368421,0.7058823529411765,0.7082804118259597,0.9947561615102255
Donners_2021,Jev,258,15,0.9422496570644718,0.6439650669117809,10.0,5.0,223.0,20.0,0.6666666666666666,0.9176954732510288,0.3333333333333333,0.4444444444444444,0.42658225556607926,0.9031007751937985
Meijboom_2021,Jev,882,37,0.8652007036622421,0.37314084852203083,10.0,27.0,836.0,9.0,0.2702702702702703,0.9893491124260355,0.5263157894736842,0.35714285714285715,0.35849584880124885,0.9591836734693877
Menon_2022,Jev,975,74,0.9365344812070672,0.7344980014060031,48.0,26.0,882.0,19.0,0.6486486486486487,0.978912319644839,0.7164179104477612,0.6808510638297872,0.6569825797700012,0.9538461538461539
Nelson_2002,Jev,366,80,0.8615166083916084,0.6715165826197875,59.0,21.0,229.0,57.0,0.7375,0.8006993006993007,0.5086206896551724,0.6020408163265306,0.4780486986017937,0.7868852459016393
Oud_2018,Jev,952,20,0.9449034334763948,0.3220510217719069,13.0,7.0,902.0,30.0,0.65,0.9678111587982833,0.3023255813953488,0.4126984126984127,0.4266409451650297,0.9611344537815126
Wolters_2018,Jev,4278,19,0.9412142707084687,0.43828198725797307,4.0,15.0,4257.0,2.0,0.21052631578947367,0.9995304061986382,0.6666666666666666,0.32,0.373229495007958,0.996026180458158
van_der_Valk_2021,Jev,725,89,0.7821178715285139,0.5114415811869466,35.0,54.0,617.0,19.0,0.39325842696629215,0.970125786163522,0.6481481481481481,0.48951048951048953,0.4541836300116712,0.8993103448275862
van_der_Waal_2022,Jev,1970,33,0.9663490871544563,0.3857785585953845,9.0,24.0,1928.0,9.0,0.2727272727272727,0.9953536396489416,0.5,0.35294117647058826,0.3615859225641899,0.983248730964467
Bos_2018,BM25,4878,10,0.8749383730484799,0.017405388111767086,,,,,,,,,,
Chou_2003,BM25,1907,15,0.8750880902043693,0.0523484897505535,,,,,,,,,,
Donners_2021,BM25,258,15,0.6263374485596708,0.14794665014322042,,,,,,,,,,
Meijboom_2021,BM25,882,37,0.8134975211898289,0.14663979803902832,,,,,,,,,,
Menon_2022,BM25,975,74,0.6026187119416864,0.10108133644346129,,,,,,,,,,
Nelson_2002,BM25,366,80,0.577229020979021,0.2526254301278665,,,,,,,,,,
Oud_2018,BM25,952,20,0.8530579399141631,0.07878143412123575,,,,,,,,,,
Wolters_2018,BM25,4278,19,0.7469136565292075,0.010266189126571597,,,,,,,,,,
van_der_Valk_2021,BM25,725,89,0.6500423998304007,0.18699446251061283,,,,,,,,,,
van_der_Waal_2022,BM25,1970,33,0.6867226732998545,0.04281901909116752,,,,,,,,,,
Bos_2018,TF-IDF,4878,10,0.964872637633525,0.041239200118965424,,,,,,,,,,
Chou_2003,TF-IDF,1907,15,0.8220225510923186,0.04679004102614057,,,,,,,,,,
Donners_2021,TF-IDF,258,15,0.7020576131687243,0.2332575236828019,,,,,,,,,,
Meijboom_2021,TF-IDF,882,37,0.7003998080921158,0.0719983491529846,,,,,,,,,,
Menon_2022,TF-IDF,975,74,0.6830398656147824,0.12563478952012602,,,,,,,,,,
Nelson_2002,TF-IDF,366,80,0.5272727272727272,0.2501968212326558,,,,,,,,,,
Oud_2018,TF-IDF,952,20,0.7916845493562231,0.06751929046272284,,,,,,,,,,
Wolters_2018,TF-IDF,4278,19,0.9305495483249094,0.08313844086684567,,,,,,,,,,
van_der_Valk_2021,TF-IDF,725,89,0.680499611334888,0.22677554909445483,,,,,,,,,,
van_der_Waal_2022,TF-IDF,1970,33,0.823187997684642,0.07869242643745349,,,,,,,,,,
Bos_2018,MiniLM,4878,10,0.9009654889071488,0.013057364966343275,,,,,,,,,,
Chou_2003,MiniLM,1907,15,0.8783121916842848,0.053505625513701784,,,,,,,,,,
Donners_2021,MiniLM,258,15,0.8559670781893004,0.32422768956975656,,,,,,,,,,
Meijboom_2021,MiniLM,882,37,0.8230609307532385,0.13854797742657352,,,,,,,,,,
Menon_2022,MiniLM,975,74,0.8461019287878333,0.2858187330174869,,,,,,,,,,
Nelson_2002,MiniLM,366,80,0.7118881118881119,0.3599843482064256,,,,,,,,,,
Oud_2018,MiniLM,952,20,0.7617489270386266,0.04935818644894403,,,,,,,,,,
Wolters_2018,MiniLM,4278,19,0.9733072997120649,0.1637679119236503,,,,,,,,,,
van_der_Valk_2021,MiniLM,725,89,0.8223270440251572,0.41177830879177835,,,,,,,,,,
van_der_Waal_2022,MiniLM,1970,33,0.8896293862736816,0.10777273077396797,,,,,,,,,,
Bos_2018,LR,4878,10,0.8039030402629417,0.008201629700593613,3.0,7.0,4570.0,298.0,0.3,0.938783894823336,0.009966777408637873,0.01929260450160772,0.044885556342771735,0.9374743747437474
Chou_2003,LR,1907,15,0.836398872445384,0.0542578785778548,14.0,1.0,1023.0,869.0,0.9333333333333333,0.5406976744186046,0.015855039637599093,0.031180400890868598,0.08398130453470147,0.5437860513896172
Donners_2021,LR,258,15,0.7393689986282579,0.17298042686899032,15.0,0.0,27.0,216.0,1.0,0.1111111111111111,0.06493506493506493,0.12195121951219512,0.08494119857293758,0.16279069767441862
Meijboom_2021,LR,882,37,0.8189029265952343,0.12882913778512647,36.0,1.0,375.0,470.0,0.972972972972973,0.4437869822485207,0.07114624505928854,0.13259668508287292,0.16894526264106705,0.46598639455782315
Menon_2022,LR,975,74,0.6851246362900081,0.12109664673211469,4.0,70.0,864.0,37.0,0.05405405405405406,0.9589345172031076,0.0975609756097561,0.06956521739130435,0.017138557669735575,0.8902564102564102
Nelson_2002,LR,366,80,0.5664335664335665,0.2673424916976643,61.0,19.0,95.0,191.0,0.7625,0.3321678321678322,0.24206349206349206,0.3674698795180723,0.08448463773168476,0.4262295081967213
Oud_2018,LR,952,20,0.7494635193133047,0.046076302825845426,18.0,2.0,470.0,462.0,0.9,0.5042918454935622,0.0375,0.072,0.11596483590201655,0.5126050420168067
Wolters_2018,LR,4278,19,0.7858281533841648,0.013448181148605366,1.0,18.0,4160.0,99.0,0.05263157894736842,0.9767551068325898,0.01,0.01680672268907563,0.012932932531335583,0.9726507713884993
van_der_Valk_2021,LR,725,89,0.7344710621157515,0.2609269536071904,73.0,16.0,346.0,290.0,0.8202247191011236,0.5440251572327044,0.20110192837465565,0.3230088495575221,0.23906465755744544,0.5779310344827586
van_der_Waal_2022,LR,1970,33,0.7723909200419268,0.07831716861593876,25.0,8.0,1387.0,550.0,0.7575757575757576,0.7160557563242127,0.043478260869565216,0.08223684210526316,0.1337030595365461,0.716751269035533
